{
    "foreground_intensity_properties_per_channel": {
        "0": {
            "max": 1231.0,
            "mean": 215.21804809570312,
            "median": 192.0,
            "min": 10.0,
            "percentile_00_5": 28.0,
            "percentile_99_5": 717.0,
            "std": 119.04499816894531
        }
    },
    "median_relative_size_after_cropping": 0.9826472355769231,
    "shapes_after_crop": [
        [
            1,
            254,
            206
        ],
        [
            1,
            254,
            206
        ],
        [
            1,
            254,
            206
        ],
        [
            1,
            254,
            206
        ],
        [
            1,
            246,
            206
        ],
        [
            1,
            246,
            206
        ],
        [
            1,
            244,
            206
        ],
        [
            1,
            244,
            206
        ],
        [
            1,
            254,
            198
        ],
        [
            1,
            254,
            198
        ],
        [
            1,
            254,
            206
        ],
        [
            1,
            254,
            206
        ],
        [
            1,
            254,
            206
        ],
        [
            1,
            254,
            206
        ],
        [
            1,
            254,
            206
        ],
        [
            1,
            254,
            206
        ],
        [
            1,
            254,
            206
        ],
        [
            1,
            254,
            206
        ],
        [
            1,
            246,
            206
        ],
        [
            1,
            246,
            206
        ],
        [
            1,
            254,
            206
        ],
        [
            1,
            254,
            206
        ],
        [
            1,
            254,
            206
        ],
        [
            1,
            254,
            206
        ],
        [
            1,
            244,
            206
        ],
        [
            1,
            244,
            206
        ],
        [
            1,
            254,
            206
        ],
        [
            1,
            254,
            206
        ],
        [
            1,
            254,
            206
        ],
        [
            1,
            254,
            206
        ],
        [
            1,
            254,
            206
        ],
        [
            1,
            254,
            206
        ],
        [
            1,
            254,
            206
        ],
        [
            1,
            254,
            206
        ],
        [
            1,
            254,
            206
        ],
        [
            1,
            254,
            206
        ],
        [
            1,
            254,
            198
        ],
        [
            1,
            254,
            198
        ],
        [
            1,
            254,
            206
        ],
        [
            1,
            254,
            206
        ],
        [
            1,
            254,
            206
        ],
        [
            1,
            254,
            206
        ],
        [
            1,
            249,
            206
        ],
        [
            1,
            249,
            206
        ],
        [
            1,
            249,
            198
        ],
        [
            1,
            249,
            198
        ],
        [
            1,
            252,
            207
        ],
        [
            1,
            252,
            207
        ],
        [
            1,
            255,
            207
        ],
        [
            1,
            255,
            207
        ],
        [
            1,
            255,
            207
        ],
        [
            1,
            255,
            207
        ],
        [
            1,
            255,
            207
        ],
        [
            1,
            255,
            207
        ],
        [
            1,
            255,
            207
        ],
        [
            1,
            255,
            207
        ],
        [
            1,
            255,
            207
        ],
        [
            1,
            255,
            207
        ]
    ],