{
    "foreground_intensity_properties_per_channel": {
        "0": {
            "max": 255.0,
            "mean": 86.8825912475586,
            "median": 88.0,
            "min": 0.0,
            "percentile_00_5": 9.0,
            "percentile_99_5": 176.0,
            "std": 38.117313385009766
        }
    },
    "median_relative_size_after_cropping": 0.79840087890625,
    "shapes_after_crop": [
        [
            20,
            229,
            247
        ],
        [
            20,
            256,
            256
        ],
        [
            29,
            209,
            256
        ],
        [
            28,
            251,
            256
        ],
        [
            30,
            186,
            256
        ],
        [
            30,
            189,
            256
        ],
        [
            29,
            256,
            256
        ],
        [
            39,
            254,
            206
        ],
        [
            30,
            254,
            206
        ],
        [
            44,
            246,
            206
        ],
        [
            30,
            244,
            206
        ],
        [
            25,
            254,
            198
        ],
        [
            25,
            254,
            206
        ],
        [
            25,
            254,
            206
        ],
        [
            20,
            254,
            206
        ],
        [
            23,
            254,
            206
        ],
        [
            22,
            254,
            206
        ],
        [
            25,
            246,
            206
        ],
        [
            25,
            254,
            206
        ],
        [
            29,
            254,
            206
        ],
        [
            27,
            248,
            206
        ],
        [
            33,
            244,
            206
        ],
        [
            27,
            254,
            206
        ],
        [
            29,
            254,
            206
        ],
        [
            30,
            254,
            198
        ],
        [
            28,
            254,
            206
        ],
        [
            30,
            254,
            206
        ],
        [
            30,
            254,
            206
        ],
        [
            25,
            254,
            198
        ],
        [
            33,
            254,
            206
        ],
        [
            30,
            254,
            206
        ],
        [
            25,
            254,
            206
        ],
        [
            25,
            227,
            206
        ],
        [
            25,
            249,
            206
        ],
        [
            30,
            249,
            192
        ],
        [
            29,
            254,
            206
        ],
        [
            25,
            251,
            206
        ],
        [
            25,
            255,
            207
        ],
        [
            27,
            254,
            206
        ],
        [
            26,
            254,
            207
        ],
        [
            26,
            255,
            200
        ],
        [
            30,
            255,
            207
        ],
        [
            25,
            255,
            202
        ],
        [
            25,
            254,
            206
        ]
    ],
    "spacings": [
        [
            1.0,
            1.0,
            1.0
        ],
        [
            1.0,
            1.0,
            1.0
        ],
        [
            1.0,
            1.0,
            1.0
        ],
        [
            1.0,
            1.0,
            1.0
        ],
        [
            1.0,
            1.0,
            1.0
        ],
        [
            1.0,
            1.0,
            1.0
        ],
        [
            1.0,
            1.0,
            1.0
        ],
        [
            1.0,
            1.0,
            1.0
        ],
        [
            1.0,
            1.0,
            1.0
        ],
        [
            1.0,
            1.0,
            1.0
        ],
        [
            1.0,
            1.0,
            1.0
        ],
        [
            1.0,
            1.0,
            1.0
        ],
        [
            1.0,
            1.0,
            1.0
        ],
        [
            1.0,
            1.0,
            1.0
        ],
        [
            1.0,
            1.0,
            1.0
        ],
        [
            1.0,
            1.0,
            1.0
        ],
        [
            1.0,
            1.0,
            1.0
        ],
        [
            1.0,
            1.0,
            1.0
        ],
        [
            1.0,
            1.0,
            1.0
        ],
        [
            1.0,
            1.0,
            1.0
        ],
        [
            1.0,
            1.0,
            1.0
        ],
        [
            1.0,
            1.0,
            1.0
        ],
        [
            1.0,
            1.0,
            1.0
        ],
        [
            1.0,
            1.0,
            1.0
        ],
        [
            1.0,
            1.0,
            1.0
        ],
        [
            1.0,
            1.0,
            1.0
        ],
        [
            1.0,
            1.0,
            1.0
        ],
        [
            1.0,
            1.0,
            1.0
        ],
        [
            1.0,
            1.0,
            1.0
        ],
        [
            1.0,
            1.0,
            1.0
        ],
        [
            1.0,
            1.0,
            1.0
        ],
        [
            1.0,
            1.0,
            1.0
        ],
        [
            1.0,
            1.0,
            1.0
        ],
        [
            1.0,
            1.0,
            1.0
        ],
        [
            1.0,
            1.0,
            1.0
        ],
        [
            1.0,
            1.0,
            1.0
        ],
        [
            1.0,
            1.0,
            1.0
        ],
        [
            1.0,
            1.0,
            1.0
        ],
        [
            1.0,
            1.0,
            1.0
        ],
        [
            1.0,
            1.0,
            1.0
        ],
        [
            1.0,
            1.0,
            1.0
        ],
        [
            1.0,
            1.0,
            1.0
        ],
        [
            1.0,
            1.0,
            1.0
        ],
        [
            1.0,
            1.0,
            1.0
        ]
    ]
}