{
    "foreground_intensity_properties_per_channel": {
        "0": {
            "max": 1502.0,
            "mean": 218.29481506347656,
            "median": 195.0,
            "min": 0.0,
            "percentile_00_5": 28.0,
            "percentile_99_5": 757.0,
            "std": 122.17560577392578
        }
    },
    "median_relative_size_after_cropping": 0.9826472355769231,
    "shapes_after_crop": [
        [
            39,
            254,
            206
        ],
        [
            30,
            254,
            206
        ],
        [
            44,
            246,
            206
        ],
        [
            30,
            244,
            206
        ],
        [
            25,
            254,
            198
        ],
        [
            25,
            254,
            206
        ],
        [
            25,
            254,
            206
        ],
        [
            20,
            254,
            206
        ],
        [
            23,
            254,
            206
        ],
        [
            25,
            246,
            206
        ],
        [
            25,
            254,
            206
        ],
        [
            29,
            254,
            206
        ],
        [
            33,
            244,
            206
        ],
        [
            27,
            254,
            206
        ],
        [
            29,
            254,
            206
        ],
        [
            28,
            254,
            206
        ],
        [
            30,
            254,
            206
        ],
        [
            30,
            254,
            206
        ],
        [
            25,
            254,
            198
        ],
        [
            33,
            254,
            206
        ],
        [
            30,
            254,
            206
        ],
        [
            25,
            249,
            206
        ],
        [
            30,
            249,
            198
        ],
        [
            25,
            252,
            207
        ],
        [
            25,
            255,
            207
        ],
        [
            26,
            255,
            207
        ],
        [
            26,
            255,
            207
        ],
        [
            25,
            255,
            207
        ],
        [
            25,
            255,
            207
        ]
    ],
    "spacings": [
        [
            1.0,
            1.0,
            1.0
        ],
        [
            1.0,
            1.0,
            1.0
        ],
        [
            1.0,
            1.0,
            1.0
        ],
        [
            1.0,
            1.0,
            1.0
        ],
        [
            1.0,
            1.0,
            1.0
        ],
        [
            1.0,
            1.0,
            1.0
        ],
        [
            1.0,
            1.0,
            1.0
        ],
        [
            1.0,
            1.0,
            1.0
        ],
        [
            1.0,
            1.0,
            1.0
        ],
        [
            1.0,
            1.0,
            1.0
        ],
        [
            1.0,
            1.0,
            1.0
        ],
        [
            1.0,
            1.0,
            1.0
        ],
        [
            1.0,
            1.0,
            1.0
        ],
        [
            1.0,
            1.0,
            1.0
        ],
        [
            1.0,
            1.0,
            1.0
        ],
        [
            1.0,
            1.0,
            1.0
        ],
        [
            1.0,
            1.0,
            1.0
        ],
        [
            1.0,
            1.0,
            1.0
        ],
        [
            1.0,
            1.0,
            1.0
        ],
        [
            1.0,
            1.0,
            1.0
        ],
        [
            1.0,
            1.0,
            1.0
        ],
        [
            1.0,
            1.0,
            1.0
        ],
        [
            1.0,
            1.0,
            1.0
        ],
        [
            1.0,
            1.0,
            1.0
        ],
        [
            1.0,
            1.0,
            1.0
        ],
        [
            1.0,
            1.0,
            1.0
        ],
        [
            1.0,
            1.0,
            1.0
        ],
        [
            1.0,
            1.0,
            1.0
        ],
        [
            1.0,
            1.0,
            1.0
        ]
    ]
}