{
    "foreground_intensity_properties_per_channel": {
        "0": {
            "max": 255.0,
            "mean": 76.59671020507812,
            "median": 76.0,
            "min": 0.0,
            "percentile_00_5": 8.0,
            "percentile_99_5": 173.0,
            "std": 41.315494537353516
        }
    },
    "median_relative_size_after_cropping": 0.625518798828125,
    "shapes_after_crop": [
        [
            50,
            206,
            184
        ],
        [
            50,
            206,
            166
        ],
        [
            50,
            206,
            202
        ],
        [
            50,
            206,
            178
        ],
        [
            50,
            206,
            160
        ],
        [
            50,
            206,
            190
        ],
        [
            50,
            206,
            208
        ],
        [
            50,
            206,
            148
        ],
        [
            50,
            206,
            178
        ],
        [
            50,
            206,
            166
        ],
        [
            50,
            206,
            166
        ],
        [
            50,
            206,
            154
        ],
        [
            50,
            206,
            160
        ],
        [
            50,
            206,
            172
        ],
        [
            50,
            206,
            178
        ],
        [
            50,
            206,
            148
        ],
        [
            50,
            206,
            166
        ],
        [
            50,
            206,
            160
        ],
        [
            50,
            206,
            166
        ],
        [
            50,
            206,
            166
        ],
        [
            50,
            206,
            136
        ],
        [
            50,
            206,
            154
        ],
        [
            50,
            206,
            160
        ],
        [
            50,
            206,
            166
        ],
        [
            50,
            206,
            172
        ],
        [
            50,
            206,
            166
        ],
        [
            50,
            206,
            166
        ],
        [
            50,
            206,
            166
        ],
        [
            50,
            206,
            148
        ],
        [
            50,
            206,
            172
        ],
        [
            50,
            206,
            154
        ],
        [
            50,
            206,
            154
        ],
        [
            50,
            206,
            160
        ],
        [
            50,
            206,
            166
        ],
        [
            50,
            206,
            148
        ],
        [
            50,
            206,
            160
        ],
        [
            50,
            206,
            172
        ],
        [
            50,
            206,
            154
        ],
        [
            50,
            206,
            184
        ],
        [
            50,
            206,
            166
        ],
        [
            50,
            206,
            154
        ],
        [
            50,
            206,
            166
        ],
        [
            50,
            206,
            196
        ],
        [
            50,
            206,
            148
        ],
        [
            50,
            206,
            172
        ],
        [
            50,
            206,
            178
        ],
        [
            32,
            254,
            198
        ],
        [
            34,
            254,
            198
        ],
        [
            36,
            254,
            198
        ],
        [
            34,
            254,
            198
        ],
        [
            39,
            254,
            206
        ],
        [
            30,
            254,
            206
        ],
        [
            44,
            254,
            206
        ],
        [
            30,
            254,
            206
        ],
        [
            25,
            254,
            198
        ],
        [
            25,
            254,
            206
        ],
        [
            25,
            254,
            206
        ],
        [
            20,
            254,
            206
        ],
        [
            23,
            254,
            206
        ],
        [
            25,
            254,
            206
        ],
        [
            25,
            254,
            206
        ],
        [
            29,
            254,
            206
        ],
        [
            33,
            254,
            206
        ],
        [
            27,
            254,
            206
        ],
        [
            29,
            254,
            206
        ],
        [
            28,
            248,
            206
        ],
        [
            30,
            254,
            206
        ],
        [
            30,
            254,
            191
        ],
        [
            30,
            254,
            206
        ],
        [
            25,
            254,
            198
        ],
        [
            33,
            254,
            206
        ],
        [
            30,
            243,
            206
        ],
        [
            22,
            254,
            206
        ],
        [
            21,
            254,
            206
        ],
        [
            25,
            254,
            206
        ],
        [
            30,
            254,
            198
        ],
        [
            30,
            254,
            198
        ],
        [
            30,
            254,
            196
        ],
        [
            28,
            254,
            204
        ],
        [
            25,
            254,
            198
        ],
        [
            30,
            255,
            191
        ],
        [
            25,
            255,
            206
        ],
        [
            25,
            255,
            207
        ],
        [
            30,
            255,
            207
        ],
        [
            25,
            255,
            207
        ],
        [
            26,
            255,
            207
        ],
        [
            25,
            255,
            207
        ],
        [
            25,
            255,
            207
        ]
    ],