{
    "foreground_intensity_properties_per_channel": {
        "0": {
            "max": 255.0,
            "mean": 85.48731231689453,
            "median": 88.0,
            "min": 0.0,
            "percentile_00_5": 9.0,
            "percentile_99_5": 181.0,
            "std": 42.34220504760742
        }
    },
    "median_relative_size_after_cropping": 0.5743637084960938,
    "shapes_after_crop": [
        [
            50,
            203,
            181
        ],
        [
            50,
            204,
            164
        ],
        [
            50,
            205,
            200
        ],
        [
            50,
            204,
            175
        ],
        [
            50,
            201,
            159
        ],
        [
            50,
            205,
            188
        ],
        [
            50,
            201,
            205
        ],
        [
            50,
            205,
            147
        ],
        [
            50,
            205,
            178
        ],
        [
            50,
            205,
            166
        ],
        [
            50,
            205,
            164
        ],
        [
            50,
            202,
            153
        ],
        [
            50,
            201,
            158
        ],
        [
            50,
            203,
            172
        ],
        [
            50,
            202,
            177
        ],
        [
            50,
            204,
            148
        ],
        [
            50,
            206,
            166
        ],
        [
            50,
            204,
            158
        ],
        [
            50,
            202,
            165
        ],
        [
            50,
            204,
            165
        ],
        [
            50,
            204,
            136
        ],
        [
            50,
            204,
            154
        ],
        [
            50,
            205,
            159
        ],
        [
            50,
            206,
            171
        ],
        [
            50,
            200,
            164
        ],
        [
            50,
            202,
            165
        ],
        [
            50,
            203,
            164
        ],
        [
            50,
            204,
            147
        ],
        [
            50,
            205,
            171
        ],
        [
            50,
            203,
            154
        ],
        [
            50,
            205,
            152
        ],
        [
            50,
            202,
            159
        ],
        [
            50,
            206,
            164
        ],
        [
            50,
            203,
            148
        ],
        [
            50,
            203,
            160
        ],
        [
            50,
            204,
            170
        ],
        [
            50,
            206,
            154
        ],
        [
            50,
            201,
            181
        ],
        [
            50,
            205,
            166
        ],
        [
            50,
            204,
            153
        ],
        [
            50,
            205,
            164
        ],
        [
            50,
            202,
            192
        ],
        [
            50,
            206,
            148
        ],
        [
            50,
            202,
            169
        ],
        [
            50,
            201,
            177
        ],
        [
            32,
            170,
            249
        ],
        [
            36,
            254,
            196
        ],
        [
            34,
            254,
            198
        ],
        [
            39,
            254,
            206
        ],
        [
            30,
            206,
            254
        ],
        [
            44,
            254,
            206
        ],
        [
            30,
            253,
            206
        ],
        [
            25,
            253,
            206
        ],
        [
            25,
            206,
            249
        ],
        [
            20,
            254,
            206
        ],
        [
            23,
            206,
            249
        ],
        [
            25,
            254,
            206
        ],
        [
            25,
            206,
            254
        ],
        [
            29,
            206,
            253
        ],
        [
            33,
            206,
            254
        ],
        [
            27,
            206,
            254
        ],
        [
            29,
            206,
            254
        ],
        [
            28,
            206,
            247
        ],
        [
            30,
            206,
            253
        ],
        [
            30,
            196,
            252
        ],
        [
            30,
            206,
            254
        ],
        [
            33,
            253,
            206
        ],
        [
            30,
            206,
            250
        ],
        [
            20,
            206,
            254
        ],
        [
            25,
            206,
            249
        ],
        [
            30,
            191,
            245
        ],
        [
            30,
            196,
            251
        ],
        [
            30,
            197,
            245
        ],
        [
            28,
            194,
            247
        ],
        [
            25,
            246,
            197
        ],
        [
            30,
            192,
            252
        ],
        [
            25,
            255,
            205
        ],
        [
            25,
            204,
            255
        ],
        [
            26,
            204,
            255
        ],
        [
            26,
            205,
            255
        ],
        [
            25,
            200,
            255
        ],
        [
            25,
            255,
            207
        ]
    ],