{
    "foreground_intensity_properties_per_channel": {
        "0": {
            "max": 255.0,
            "mean": 83.0916519165039,
            "median": 85.0,
            "min": 0.0,
            "percentile_00_5": 8.0,
            "percentile_99_5": 178.0,
            "std": 41.70621871948242
        }
    },
    "median_relative_size_after_cropping": 0.6195068359375,
    "shapes_after_crop": [
        [
            50,
            203,
            181
        ],
        [
            50,
            205,
            177
        ],
        [
            50,
            204,
            164
        ],
        [
            50,
            205,
            200
        ],
        [
            50,
            204,
            175
        ],
        [
            50,
            201,
            159
        ],
        [
            50,
            205,
            188
        ],
        [
            50,
            201,
            205
        ],
        [
            50,
            205,
            147
        ],
        [
            50,
            205,
            178
        ],
        [
            50,
            205,
            166
        ],
        [
            50,
            205,
            164
        ],
        [
            50,
            202,
            153
        ],
        [
            50,
            204,
            142
        ],
        [
            50,
            201,
            158
        ],
        [
            50,
            203,
            159
        ],
        [
            50,
            203,
            172
        ],
        [
            50,
            203,
            170
        ],
        [
            50,
            202,
            177
        ],
        [
            50,
            204,
            148
        ],
        [
            50,
            206,
            166
        ],
        [
            50,
            206,
            186
        ],
        [
            50,
            204,
            158
        ],
        [
            50,
            202,
            165
        ],
        [
            50,
            204,
            165
        ],
        [
            50,
            204,
            136
        ],
        [
            50,
            204,
            154
        ],
        [
            50,
            205,
            159
        ],
        [
            50,
            206,
            171
        ],
        [
            50,
            200,
            164
        ],
        [
            50,
            201,
            170
        ],
        [
            50,
            202,
            165
        ],
        [
            50,
            203,
            164
        ],
        [
            50,
            204,
            147
        ],
        [
            50,
            205,
            171
        ],
        [
            50,
            205,
            147
        ],
        [
            50,
            203,
            154
        ],
        [
            50,
            205,
            152
        ],
        [
            50,
            202,
            159
        ],
        [
            50,
            203,
            164
        ],
        [
            50,
            203,
            153
        ],
        [
            50,
            206,
            164
        ],
        [
            50,
            203,
            148
        ],
        [
            50,
            205,
            194
        ],
        [
            50,
            203,
            160
        ],
        [
            50,
            201,
            170
        ],
        [
            50,
            204,
            170
        ],
        [
            50,
            206,
            154
        ],
        [
            50,
            205,
            170
        ],
        [
            50,
            201,
            181
        ],
        [
            50,
            205,
            166
        ],
        [
            50,
            201,
            166
        ],
        [
            50,
            204,
            153
        ],
        [
            50,
            201,
            200
        ],
        [
            50,
            205,
            164
        ],
        [
            50,
            202,
            192
        ],
        [
            50,
            206,
            148
        ],
        [
            50,
            202,
            169
        ],
        [
            50,
            201,
            177
        ],
        [
            30,
            255,
            180
        ],
        [
            25,
            256,
            156
        ],
        [
            30,
            256,
            156
        ],
        [
            29,
            221,
            256
        ],
        [
            28,
            256,
            256
        ],
        [
            30,
            256,
            256
        ],
        [
            32,
            170,
            249
        ],
        [
            35,
            254,
            184
        ],
        [
            31,
            198,
            252
        ],
        [
            36,
            254,
            196
        ],
        [
            34,
            254,
            198
        ],
        [
            39,
            254,
            206
        ],
        [
            30,
            206,
            254
        ],
        [
            44,
            254,
            206
        ],
        [
            30,
            253,
            206
        ],
        [
            25,
            253,
            206
        ],
        [
            25,
            206,
            249
        ],
        [
            20,
            254,
            206
        ],
        [
            23,
            206,
            249
        ],
        [
            25,
            254,
            206
        ],
        [
            25,
            206,
            254
        ],
        [
            29,
            206,
            253
        ],
        [
            27,
            206,
            249
        ],
        [
            33,
            206,
            254
        ],
        [
            33,
            206,
            249
        ],
        [
            27,
            206,
            254
        ],
        [
            29,
            206,
            254
        ],
        [
            30,
            195,
            247
        ],
        [
            28,
            206,
            247
        ],
        [
            30,
            206,
            253
        ],
        [
            30,
            171,
            246
        ],
        [
            30,
            191,
            243
        ],
        [
            30,
            196,
            252
        ],
        [
            30,
            206,
            254
        ],
        [
            30,
            206,
            254
        ],
        [
            33,
            253,
            206
        ],
        [
            30,
            206,
            250
        ],
        [
            20,
            206,
            254
        ],
        [
            25,
            206,
            254
        ],
        [
            25,
            206,
            254
        ],
        [
            28,
            187,
            253
        ],
        [
            25,
            206,
            249
        ],
        [
            30,
            191,
            245
        ],
        [
            29,
            206,
            254
        ],
        [
            30,
            196,
            251
        ],
        [
            30,
            197,
            245
        ],
        [
            28,
            194,
            247
        ],
        [
            25,
            246,
            197
        ],
        [
            30,
            192,
            252
        ],
        [
            25,
