{
    "foreground_intensity_properties_per_channel": {
        "0": {
            "max": 255.0,
            "mean": 72.45916748046875,
            "median": 71.0,
            "min": 0.0,
            "percentile_00_5": 8.0,
            "percentile_99_5": 172.0,
            "std": 37.69327163696289
        }
    },
    "median_relative_size_after_cropping": 0.63232421875,
    "shapes_after_crop": [
        [
            50,
            182,
            204
        ],
        [
            50,
            178,
            204
        ],
        [
            50,
            166,
            204
        ],
        [
            50,
            198,
            200
        ],
        [
            50,
            178,
            204
        ],
        [
            50,
            160,
            205
        ],
        [
            50,
            190,
            204
        ],
        [
            50,
            207,
            205
        ],
        [
            50,
            199,
            204
        ],
        [
            50,
            148,
            204
        ],
        [
            50,
            178,
            205
        ],
        [
            50,
            166,
            204
        ],
        [
            50,
            166,
            204
        ],
        [
            50,
            154,
            204
        ],
        [
            50,
            142,
            204
        ],
        [
            50,
            160,
            206
        ],
        [
            50,
            160,
            204
        ],
        [
            50,
            172,
            204
        ],
        [
            50,
            172,
            204
        ],
        [
            50,
            177,
            204
        ],
        [
            50,
            148,
            204
        ],
        [
            50,
            166,
            204
        ],
        [
            50,
            208,
            205
        ],
        [
            50,
            160,
            204
        ],
        [
            50,
            166,
            205
        ],
        [
            50,
            206,
            164
        ],
        [
            50,
            136,
            204
        ],
        [
            50,
            142,
            204
        ],
        [
            50,
            154,
            204
        ],
        [
            50,
            160,
            204
        ],
        [
            50,
            166,
            204
        ],
        [
            50,
            172,
            204
        ],
        [
            50,
            165,
            205
        ],
        [
            50,
            172,
            205
        ],
        [
            50,
            166,
            206
        ],
        [
            50,
            166,
            204
        ],
        [
            50,
            147,
            204
        ],
        [
            50,
            171,
            204
        ],
        [
            50,
            148,
            204
        ],
        [
            50,
            154,
            206
        ],
        [
            50,
            154,
            204
        ],
        [
            50,
            159,
            205
        ],
        [
            50,
            166,
            206
        ],
        [
            50,
            154,
            206
        ],
        [
            50,
            118,
            204
        ],
        [
            50,
            142,
            205
        ],
        [
            50,
            166,
            204
        ],
        [
            50,
            148,
            205
        ],
        [
            50,
            195,
            204
        ],
        [
            50,
            160,
            204
        ],
        [
            50,
            148,
            204
        ],
        [
            50,
            172,
            204
        ],
        [
            50,
            154,
            204
        ],
        [
            50,
            172,
            204
        ],
        [
            50,
            183,
            204
        ],
        [
            50,
            166,
            206
        ],
        [
            50,
            159,
            204
        ],
        [
            50,
            154,
            204
        ],
        [
            50,
            199,
            204
        ],
        [
            50,
            166,
            204
        ],
        [
            50,
            194,
            204
        ],
        [
            50,
            148,
            205
        ],
        [
            50,
            172,
            204
        ],
        [
            50,
            178,
            204
        ],
        [
            30,
            256,
            216
        ],
        [
            26,
            256,
            229
        ],
        [
            30,
            256,
            205
        ],
        [
            29,
            256,
            193
        ],
        [
            20,
            256,
            256
        ],
        [
            29,
            256,
            232
        ],
        [
            20,
            256,
            256
        ],
        [
            30,
            256,
            180
        ],
        [
            30,
            256,
            225
        ],
        [
            29,
            256,
            206
        ],
        [
            30,
            256,
            256
        ],
        [
            20,
            213,
            252
        ],
        [
            32,
            198,
            248
        ],
        [
            34,
            198,
            250
        ],
        [
            31,
            198,
            250
        ],
        [
            36,
            198,
            252
        ],
        [
            34,
            198,
            254
        ],
        [
            39,
            205,
            254
        ],
        [
            30,
            206,
            254
        ],
        [
            44,
            206,
            254
        ],
        [
            30,
            206,
            254
        ],
        [
            25,
            198,
            249
        ],
        [
            25,
            206,
            254
        ],
        [
            25,
            205,
            254
        ],
        [
            20,
            206,
            254
        ],
        [
            22,
            206,
            254
        ],
        [
            25,
            206,
            254
        ],
        [
            25,
            206,
            254
        ],
        [
            33,
            206,
            254
        ],
        [
            33,
            203,
            238
        ],
        [
            27,
            206,
            254
        ],
        [
            29,
            206,
            254
        ],
        [
            30,
            195,
            248
        ],
        [
            28,
            205,
            254
        ],
        [
            30,
            191,
            239
        ],
        [
            30,
            184,
            247
        ],
        [
            25,
            198,
            249
        ],
        [
            28,
            206,
            254
        ],
        [
            33,
            206,
            254
        ],
        [
            22,
            206,
            254
        ],
        [
            25,
            206,
            254
        ],
        [
            23,
            206,
            245
        ],
        [
            28,
            198,
            249
        ],
        [
            25,
            195,
            251
        ],
        [
            25,
