{
    "foreground_intensity_properties_per_channel": {
        "0": {
            "max": 255.0,
            "mean": 70.94036102294922,
            "median": 69.0,
            "min": 0.0,
            "percentile_00_5": 9.0,
            "percentile_99_5": 163.0,
            "std": 36.556427001953125
        }
    },
    "median_relative_size_after_cropping": 0.5665283203125,
    "shapes_after_crop": [
        [
            50,
            182,
            204
        ],
        [
            50,
            166,
            204
        ],
        [
            50,
            198,
            200
        ],
        [
            50,
            178,
            204
        ],
        [
            50,
            160,
            205
        ],
        [
            50,
            190,
            204
        ],
        [
            50,
            207,
            205
        ],
        [
            50,
            148,
            204
        ],
        [
            50,
            178,
            205
        ],
        [
            50,
            166,
            204
        ],
        [
            50,
            166,
            204
        ],
        [
            50,
            154,
            204
        ],
        [
            50,
            160,
            206
        ],
        [
            50,
            172,
            204
        ],
        [
            50,
            177,
            204
        ],
        [
            50,
            148,
            204
        ],
        [
            50,
            166,
            204
        ],
        [
            50,
            160,
            204
        ],
        [
            50,
            166,
            205
        ],
        [
            50,
            206,
            164
        ],
        [
            50,
            136,
            204
        ],
        [
            50,
            154,
            204
        ],
        [
            50,
            160,
            204
        ],
        [
            50,
            172,
            204
        ],
        [
            50,
            165,
            205
        ],
        [
            50,
            166,
            206
        ],
        [
            50,
            166,
            204
        ],
        [
            50,
            147,
            204
        ],
        [
            50,
            171,
            204
        ],
        [
            50,
            154,
            206
        ],
        [
            50,
            154,
            204
        ],
        [
            50,
            159,
            205
        ],
        [
            50,
            118,
            204
        ],
        [
            50,
            166,
            204
        ],
        [
            50,
            148,
            205
        ],
        [
            50,
            160,
            204
        ],
        [
            50,
            172,
            204
        ],
        [
            50,
            154,
            204
        ],
        [
            50,
            183,
            204
        ],
        [
            50,
            166,
            206
        ],
        [
            50,
            154,
            204
        ],
        [
            50,
            166,
            204
        ],
        [
            50,
            194,
            204
        ],
        [
            50,
            148,
            205
        ],
        [
            50,
            172,
            204
        ],
        [
            50,
            178,
            204
        ],
        [
            32,
            198,
            248
        ],
        [
            34,
            198,
            250
        ],
        [
            36,
            198,
            252
        ],
        [
            34,
            198,
            254
        ],
        [
            39,
            205,
            254
        ],
        [
            30,
            206,
            254
        ],
        [
            44,
            206,
            254
        ],
        [
            30,
            206,
            254
        ],
        [
            25,
            198,
            249
        ],
        [
            25,
            206,
            254
        ],
        [
            25,
            205,
            254
        ],
        [
            20,
            206,
            254
        ],
        [
            25,
            206,
            254
        ],
        [
            25,
            206,
            254
        ],
        [
            33,
            206,
            254
        ],
        [
            27,
            206,
            254
        ],
        [
            29,
            206,
            254
        ],
        [
            28,
            205,
            254
        ],
        [
            30,
            184,
            247
        ],
        [
            25,
            198,
            249
        ],
        [
            33,
            206,
            254
        ],
        [
            22,
            206,
            254
        ],
        [
            23,
            206,
            245
        ],
        [
            25,
            206,
            250
        ],
        [
            30,
            197,
            248
        ],
        [
            30,
            196,
            249
        ],
        [
            28,
            185,
            224
        ],
        [
            25,
            198,
            249
        ],
        [
            25,
            208,
            255
        ],
        [
            25,
            206,
            255
        ],
        [
            26,
            208,
            253
        ],
        [
            26,
            207,
            255
        ],
        [
            25,
            207,
            256
        ],
        [
            25,
            190,
            255
        ],
        [
            25,
            208,
            255
        ]
    ],